timestamp,run_id,n_requested,n_used,target_delta,initial_delta,speed_mps,y_max_meters,future_only,fill_policy,device,C_estimate,runtime_sec,total_phases,total_iterations,matching_cost_m,matching_cost_km,avg_cost_m,avg_cost_km,feasible_matches,free_B
2025-12-04T18:52:12,18c0bab7bf755c1859222e9279ae6af84bbe1f53,100000,100000,0.001,,8.0,10000.0,True,none,cuda,100000.0,83.3566692341119,5,351,35583317.34892306,35583.317348923054,380.9206045017134,0.3809206045017134,93414.0,6586.0
2025-12-04T18:56:37,43e870875696c2ab25a9bb92f7fef598232498b1,100000,100000,0.001,,12.0,10000.0,True,none,cuda,100000.0,77.73585493024439,5,349,35697188.721835986,35697.188721835984,382.0659808399262,0.3820659808399262,93432.0,6568.0
2025-12-04T18:56:38,18c0bab7bf755c1859222e9279ae6af84bbe1f53,100000,100000,0.001,,8.0,10000.0,True,none,cuda,100000.0,83.3566692341119,5,351,35583317.34892306,35583.317348923054,380.9206045017134,0.3809206045017134,93414.0,6586.0
2025-12-04T18:56:51,804fd186e04f80e2ffb269df222492b4a99d8441,100000,100000,0.001,,8.0,10000.0,True,none,cuda,100000.0,90.92275139130652,5,526,39274371.19308312,39274.37119308312,415.98918774184557,0.41598918774184557,94412.0,5588.0
2025-12-04T18:57:07,39046fae20dc54d087a6b85adb4d94b8679a3d20,100000,100000,0.001,,10.0,10000.0,True,none,cuda,100000.0,90.51404631976038,5,349,35472829.4790684,35472.8294790684,379.8882966797862,0.3798882966797862,93377.0,6623.0
2025-12-04T18:57:19,e47f926e6acad83b8243c473862cb02a2dd6737b,100000,100000,0.001,,8.0,10000.0,True,none,cuda,100000.0,119.33491374179721,5,980,45428394.68479297,45428.39468479298,476.14869491859145,0.47614869491859146,95408.0,4592.0
2025-12-04T18:59:31,18ac17b7017b27e8b4d862678e42ddccb4f56166,100000,100000,0.001,,12.0,10000.0,True,none,cuda,100000.0,251.13677475880831,5,3992,51854721.27417259,51854.72127417259,538.2247080687182,0.5382247080687182,96344.0,3656.0
2025-12-04T18:59:46,6d9071d48cd950394c57e3f06bf739b60945517d,100000,100000,0.001,,10.0,10000.0,True,none,cuda,100000.0,276.1198112331331,5,4070,51765883.62389913,51765.883623899135,537.2524324504595,0.5372524324504595,96353.0,3647.0
2025-12-04T19:00:33,ca3a5ffc7db598729713b2376b43e33bbe261108,100000,100000,0.001,,8.0,10000.0,True,none,cuda,100000.0,297.17774567659944,5,4170,51650022.02663493,51650.022026634935,536.1334263388791,0.5361334263388791,96338.0,3662.0
2025-12-04T19:02:33,c1df8e72680d1aba8d430d5e6c1ab4eb9f0f95db,200000,200000,0.001,,10.0,10000.0,True,none,cuda,100000.0,336.2408620491624,5,362,68882220.32501125,68882.22032501125,368.6596929273529,0.3686596929273529,186845.0,13155.0
2025-12-04T19:03:41,eddf398f4c9ad94ab3c45fa27ee212cb20c658fb,200000,200000,0.001,,12.0,10000.0,True,none,cuda,100000.0,358.548875101842,5,362,69100392.44248721,69100.39244248721,369.8669473704655,0.3698669473704655,186825.0,13175.0
2025-12-04T19:05:26,caefcf0660dd855f608802ab41dcc0df3532c670,200000,200000,0.001,,8.0,10000.0,True,none,cuda,100000.0,336.21597312856466,5,361,68725922.77765764,68725.92277765764,368.00044324198893,0.36800044324198894,186755.0,13245.0
2025-12-04T19:09:26,b64af12aefaa32af7458f64f0112a496085c85fa,200000,200000,0.001,,8.0,10000.0,True,none,cuda,100000.0,395.36161920800805,5,537,75824134.9347118,75824.1349347118,401.61088418809214,0.40161088418809215,188800.0,11200.0
2025-12-04T19:10:08,3a63531252604cac4b03865e09b43cc7c5e326c3,200000,200000,0.001,,8.0,10000.0,True,none,cuda,100000.0,541.3206877280027,5,975,86468989.00667766,86468.98900667766,453.16564038067855,0.4531656403806786,190811.0,9189.0
2025-12-04T19:15:02,8d3783011480793d73541b3963026b9ffb8549e7,200000,200000,0.001,,10.0,10000.0,True,none,cuda,100000.0,1073.3951551876962,5,3998,99101853.40027578,99101.85340027578,514.419321250549,0.514419321250549,192648.0,7352.0
2025-12-04T19:15:15,8fac60770d33f19d86902c28f7d9404c2995bd0d,200000,200000,0.001,,12.0,10000.0,True,none,cuda,100000.0,1057.262084246613,5,3918,99293898.21533819,99293.89821533818,515.3626871890411,0.5153626871890411,192668.0,7332.0
2025-12-04T19:17:13,19fe88d54be1f14455f5f027095435ff2980547b,300000,300000,0.001,,10.0,10000.0,True,none,cuda,100000.0,776.1330350786448,5,372,101115023.66663176,101115.02366663177,360.9033867289799,0.3609033867289799,280172.0,19828.0
2025-12-04T19:18:12,70bfead09e88bffc10188701b2ca0840a2c7262b,200000,200000,0.001,,8.0,10000.0,True,none,cuda,100000.0,1087.1527639385313,5,4038,98921005.34380518,98921.00534380518,513.4672460008678,0.5134672460008678,192653.0,7347.0
2025-12-04T19:19:54,d8a738ad880cd0796cd7767b23356e88f9302c8d,300000,300000,0.001,,12.0,10000.0,True,none,cuda,100000.0,776.4896604679525,5,371,101151061.08166394,101151.06108166394,360.98176403376004,0.36098176403376003,280211.0,19789.0
2025-12-04T19:25:45,80d70660b46038b427abaeba579d1b06fc3cc74b,300000,300000,0.001,,8.0,10000.0,True,none,cuda,100000.0,901.8990360628814,5,545,111725781.8692027,111725.7818692027,394.4325537204825,0.39443255372048247,283257.0,16743.0
2025-12-04T19:27:38,ad0efd9cec710c58e94a60cd022cdc2230b558dd,300000,300000,0.001,,8.0,10000.0,True,none,cuda,100000.0,737.3038389887661,5,370,100865666.20760848,100865.66620760848,360.0866294472216,0.3600866294472216,280115.0,19885.0
2025-12-04T19:35:21,d9d91c3bcd31f81bf4f9a2842a018eba38c37755,300000,300000,0.001,,8.0,10000.0,True,none,cuda,100000.0,1126.8904112856835,5,985,127514540.02187225,127514.54002187225,445.5185594860953,0.4455185594860953,286216.0,13784.0
2025-12-04T19:38:11,9bba5807e3c16993df428969c313aeb9753b1486,400000,400000,0.001,,10.0,10000.0,True,none,cuda,100000.0,1299.5883187213913,5,378,133504280.21905002,133504.28021905,357.4029025514002,0.35740290255140017,373540.0,26460.0
2025-12-04T19:38:12,5f0a3e0141135d7a789c3cd364dafec7312d6131,400000,400000,0.001,,12.0,10000.0,True,none,cuda,100000.0,1300.8057747920975,5,379,133840707.12643835,133840.70712643836,358.3064251371038,0.3583064251371038,373537.0,26463.0
2025-12-04T19:44:02,ab81793ca537d1acae63732f3c6556618cabe1aa,300000,300000,0.001,,10.0,10000.0,True,none,cuda,100000.0,2297.6763705862686,5,3866,144808123.5726267,144808.1235726267,501.15287618143867,0.5011528761814387,288950.0,11050.0
2025-12-04T19:47:54,7b0d0a6d24f98c085752af8eda6eaf5901fedcd1,300000,300000,0.001,,12.0,10000.0,True,none,cuda,100000.0,2289.413035457954,5,3864,145058134.844915,145058.134844915,501.98684575771364,0.5019868457577137,288968.0,11032.0
2025-12-04T19:48:12,8ccb2e936155b0482baed10e3d6bd668e4e2627e,400000,400000,0.001,,8.0,10000.0,True,none,cuda,100000.0,1667.142925596796,5,556,147405407.92120385,147405.40792120385,390.30523694472606,0.3903052369447261,377667.0,22333.0
2025-12-04T19:48:31,917c915e211a2230bf5a93441451ee95cf865b98,400000,400000,0.001,,8.0,10000.0,True,none,cuda,100000.0,1331.5020437473431,5,379,133335449.0597395,133335.4490597395,356.94423743127237,0.35694423743127235,373547.0,26453.0
2025-12-04T19:51:30,48acb877a15f799ab3d03c78298d0549fa39d38f,400000,400000,0.001,,8.0,10000.0,True,none,cuda,100000.0,1979.0981265679002,5,998,167788338.74888825,167788.33874888826,439.6128066404704,0.4396128066404704,381673.0,18327.0
2025-12-04T19:54:25,6666497e6ca91d38840fccdcb6207b0a733b1396,300000,300000,0.001,,8.0,10000.0,True,none,cuda,100000.0,2330.979577725753,5,3971,144840724.75137472,144840.7247513747,501.24315137707845,0.5012431513770784,288963.0,11037.0
2025-12-04T19:56:48,ca3f2899288222ddc4b258f58506a9e1825c06ef,500000,420951,0.001,,10.0,10000.0,True,none,cuda,100000.0,1267.7683359403163,5,282,127611834.6045506,127611.8346045506,327.82766137348744,0.32782766137348746,389265.0,31686.0
2025-12-04T19:59:41,389d454776204fe952de6a4ad4fe76c10394361e,500000,420951,0.001,,12.0,10000.0,True,none,cuda,100000.0,1269.2133990051225,5,282,127876950.77075914,127876.95077075914,328.3982135686015,0.3283982135686015,389396.0,31555.0
2025-12-04T20:10:43,9f7b5713e195691fc15ff1adbfcbbf6856eeaf33,500000,420951,0.001,,8.0,10000.0,True,none,cuda,100000.0,1298.1242915838957,5,281,127349631.04206085,127349.63104206085,327.2087128521605,0.32720871285216047,389200.0,31751.0
2025-12-04T20:15:37,224580e3a4ae4b5bbcc0667a9571820b38e2e56e,500000,420951,0.001,,8.0,10000.0,True,none,cuda,100000.0,1612.1335587762296,5,414,143337978.40820026,143337.97840820026,363.71520096271513,0.36371520096271515,394094.0,26857.0
2025-12-04T20:18:50,c7cd3efd544cf080afa81f9427435e1e6865a21a,500000,420951,0.001,,8.0,10000.0,True,none,cuda,100000.0,1838.0567297535017,5,694,162094269.4396612,162094.2694396612,405.949129193711,0.40594912919371096,399297.0,21654.0
2025-12-04T20:24:16,613ae17124ed1720b3bd8b09353b1037df0fa3ce,500000,420951,0.001,,10.0,10000.0,True,none,cuda,100000.0,3180.1331796804443,5,1860,191457080.06824407,191457.08006824407,474.02686358643723,0.47402686358643725,403895.0,17056.0
2025-12-04T20:27:15,d09255713d9998590b4a240fd645c604f32ab6e2,500000,420951,0.001,,12.0,10000.0,True,none,cuda,100000.0,2924.9501494690776,5,1857,191424331.29222083,191424.33129222083,473.936393867391,0.473936393867391,403903.0,17048.0
2025-12-04T20:33:29,f7608738ea7a49d13d46cabed9dabdb672e33d7e,500000,420951,0.001,,8.0,10000.0,True,none,cuda,100000.0,2949.5959690362215,5,1889,191158336.58210197,191158.33658210197,473.3387724237453,0.4733387724237453,403851.0,17100.0
