solver,n_requested,n_used,seed,status,run_dir,combined_solver,combined_runtime_sec,speed_mps,y_max_meters,future_only,delta,C,k,stopping_condition,fill_policy,device,origin_lon,origin_lat,runtime_sec,phases,total_inner_loops,matching_cost_m,matching_cost_km,avg_cost_m,avg_cost_km,feasible_matches,free_B,removed_by_future,removed_by_speed,removed_by_ymax,build_time_sec,solve_time_sec,num_feasible_edges,opt_cost_m,opt_cost_km,opt_avg_cost_m,opt_avg_cost_km
spef_unscaled,1000,1000,1,success,results/2014-10-14/combined_n1000_seed1,combined,85.67410569894128,8.0,10000.0,True,0.0001,100000.0,512,50,none,cuda,-73.97980499267578,40.755916595458984,80.13395082508214,1,51134,851402.5202971668,851.4025202971668,911.5658675558531,0.9115658675558531,934.0,66.0,55.0,0.0,25.0,,,,,,,
spef_scaled,1000,1000,1,success,results/2014-10-14/combined_n1000_seed1,combined,85.67410569894128,8.0,10000.0,True,0.0001,100000.0,512,50,none,cuda,-73.97980499267578,40.755916595458984,5.307682073907927,5,3428,845772.1708711425,845.7721708711425,906.5082217268408,0.9065082217268409,933.0,67.0,55.0,0.0,28.0,,,,,,,
pot_emd,1000,1000,1,success,results/2014-10-14/combined_n1000_seed1,combined,85.67410569894128,8.0,10000.0,True,0.0001,100000.0,512,50,none,cuda,-73.97980499267578,40.755916595458984,0.23247279995121062,,,,,,,,,,,,0.05630700197070837,0.17616579798050225,443411,1382339.9400939425,1382.3399400939425,1382.3399400939425,1.3823399400939425
spef_unscaled,1000,1000,2,success,results/2014-10-14/combined_n1000_seed2,combined,49.918559052748606,8.0,10000.0,True,0.0001,100000.0,512,50,none,cuda,-73.98036193847656,40.75490951538086,46.5446213898249,1,30174,753720.8809266308,753.7208809266308,813.9534351259512,0.8139534351259512,926.0,74.0,61.0,0.0,26.0,,,,,,,
spef_scaled,1000,1000,2,success,results/2014-10-14/combined_n1000_seed2,combined,49.918559052748606,8.0,10000.0,True,0.0001,100000.0,512,50,none,cuda,-73.98036193847656,40.75490951538086,3.1640037309844047,5,2096,778777.792408034,778.777792408034,840.1054934282998,0.8401054934282999,927.0,73.0,61.0,0.0,18.0,,,,,,,
pot_emd,1000,1000,2,success,results/2014-10-14/combined_n1000_seed2,combined,49.918559052748606,8.0,10000.0,True,0.0001,100000.0,512,50,none,cuda,-73.98036193847656,40.75490951538086,0.20993393193930387,,,,,,,,,,,,0.053852538811042905,0.15608139312826097,435533,1327606.0067420367,1327.6060067420367,1327.6060067420367,1.3276060067420368
spef_unscaled,1000,1000,3,success,results/2014-10-14/combined_n1000_seed3,combined,75.70379501534626,8.0,10000.0,True,0.0001,100000.0,512,50,none,cuda,-73.97982788085938,40.75423812866211,70.32889462914318,1,45602,759787.6722805346,759.7876722805346,812.607136128914,0.812607136128914,935.0,65.0,57.0,0.0,26.0,,,,,,,
spef_scaled,1000,1000,3,success,results/2014-10-14/combined_n1000_seed3,combined,75.70379501534626,8.0,10000.0,True,0.0001,100000.0,512,50,none,cuda,-73.97982788085938,40.75423812866211,5.1649821400642395,5,3440,776613.2072106709,776.6132072106709,832.3828587466999,0.8323828587466998,933.0,67.0,57.0,0.0,28.0,,,,,,,
pot_emd,1000,1000,3,success,results/2014-10-14/combined_n1000_seed3,combined,75.70379501534626,8.0,10000.0,True,0.0001,100000.0,512,50,none,cuda,-73.97982788085938,40.75423812866211,0.2099182461388409,,,,,,,,,,,,0.052987672155722976,0.15693057398311794,439315,1316423.0848518382,1316.4230848518382,1316.4230848518382,1.3164230848518381
spef_unscaled,2000,2000,1,success,results/2014-10-14/combined_n2000_seed1,combined,57.756540100323036,8.0,10000.0,True,0.0001,100000.0,512,100,none,cuda,-73.98035430908203,40.755157470703125,52.69984838902019,1,31939,1258932.7060342212,1258.9327060342212,676.1185317047375,0.6761185317047375,1862.0,138.0,111.0,0.0,51.0,,,,,,,
spef_scaled,2000,2000,1,success,results/2014-10-14/combined_n2000_seed1,combined,57.756540100323036,8.0,10000.0,True,0.0001,100000.0,512,100,none,cuda,-73.98035430908203,40.755157470703125,3.9682080971542746,5,2460,1279076.0990918037,1279.0760990918036,687.6753220923675,0.6876753220923675,1860.0,140.0,111.0,0.0,58.0,,,,,,,
pot_emd,2000,2000,1,success,results/2014-10-14/combined_n2000_seed1,combined,57.756540100323036,8.0,10000.0,True,0.0001,100000.0,512,100,none,cuda,-73.98035430908203,40.755157470703125,1.088483614148572,,,,,,,,,,,,0.20025919214822352,0.8882244220003486,1754841,2539048.6497177244,2539.0486497177244,1269.5243248588622,1.2695243248588621
spef_unscaled,2000,2000,2,success,results/2014-10-14/combined_n2000_seed2,combined,39.21165561233647,8.0,10000.0,True,0.0001,100000.0,512,100,none,cuda,-73.98017120361328,40.754329681396484,35.39838996017352,1,21351,1155082.349341097,1155.0823493410971,622.6859026097558,0.6226859026097559,1855.0,145.0,119.0,0.0,56.0,,,,,,,
spef_scaled,2000,2000,2,success,results/2014-10-14/combined_n2000_seed2,combined,39.21165561233647,8.0,10000.0,True,0.0001,100000.0,512,100,none,cuda,-73.98017120361328,40.754329681396484,2.770611035171896,5,1725,1158288.564479365,1158.288564479365,625.4257907555966,0.6254257907555967,1852.0,148.0,119.0,0.0,59.0,,,,,,,
pot_emd,2000,2000,2,success,results/2014-10-14/combined_n2000_seed2,combined,39.21165561233647,8.0,10000.0,True,0.0001,100000.0,512,100,none,cuda,-73.98017120361328,40.754329681396484,1.042654616991058,,,,,,,,,,,,0.20005808887071908,0.8425965281203389,1735100,2441037.2986472608,2441.0372986472607,1220.5186493236304,1.2205186493236304
spef_unscaled,2000,2000,3,success,results/2014-10-14/combined_n2000_seed3,combined,51.11860838835128,8.0,10000.0,True,0.0001,100000.0,512,100,none,cuda,-73.98029327392578,40.75506591796875,46.68005957012065,1,28565,1216578.314025573,1216.578314025573,650.924726605443,0.650924726605443,1869.0,131.0,115.0,0.0,44.0,,,,,,,
spef_scaled,2000,2000,3,success,results/2014-10-14/combined_n2000_seed3,combined,51.11860838835128,8.0,10000.0,True,0.0001,100000.0,512,100,none,cuda,-73.98029327392578,40.75506591796875,3.4104244271293283,5,2140,1227834.9495490347,1227.8349495490347,658.3565413131554,0.6583565413131554,1865.0,135.0,115.0,0.0,50.0,,,,,,,
pot_emd,2000,2000,3,success,results/2014-10-14/combined_n2000_seed3,combined,51.11860838835128,8.0,10000.0,True,0.0001,100000.0,512,100,none,cuda,-73.98029327392578,40.75506591796875,1.0281243911013007,,,,,,,,,,,,0.19991231197491288,0.8282120791263878,1761541,2306159.4423224567,2306.159442322457,1153.0797211612285,1.1530797211612285
spef_unscaled,5000,5000,1,success,results/2014-10-14/combined_n5000_seed1,combined,68.98664225218818,8.0,10000.0,True,0.0001,100000.0,512,250,none,cuda,-73.98014831542969,40.755210876464844,56.18221796909347,1,24626,2343843.07826854,2343.84307826854,502.43152803184137,0.5024315280318413,4665.0,335.0,278.0,0.0,124.0,,,,,,,
spef_scaled,5000,5000,1,success,results/2014-10-14/combined_n5000_seed1,combined,68.98664225218818,8.0,10000.0,True,0.0001,100000.0,512,250,none,cuda,-73.98014831542969,40.755210876464844,4.496577632846311,5,2451,2384612.311819032,2384.6123118190317,512.0490255140717,0.5120490255140716,4657.0,343.0,277.0,0.0,139.0,,,,,,,
pot_emd,5000,5000,1,success,results/2014-10-14/combined_n5000_seed1,combined,68.98664225218818,8.0,10000.0,True,0.0001,100000.0,512,250,none,cuda,-73.98014831542969,40.755210876464844,8.307846650248393,,,,,,,,,,,,1.0870459161233157,7.220800734125078,10996772,5403915.242403409,5403.915242403409,1080.7830484806818,1.0807830484806817
spef_unscaled,5000,5000,2,success,results/2014-10-14/combined_n5000_seed2,combined,57.38613342726603,8.0,10000.0,True,0.0001,100000.0,512,250,none,cuda,-73.98023986816406,40.75517654418945,45.320683900034055,1,19247,2335193.8397960314,2335.193839796031,502.62458884976996,0.5026245888497699,4646.0,354.0,284.0,0.0,132.0,,,,,,,
spef_scaled,5000,5000,2,success,results/2014-10-14/combined_n5000_seed2,combined,57.38613342726603,8.0,10000.0,True,0.0001,100000.0,512,250,none,cuda,-73.98023986816406,40.75517654418945,3.710514357080683,5,2040,2363641.474300063,2363.6414743000632,509.845011712697,0.509845011712697,4636.0,364.0,284.0,0.0,145.0,,,,,,,
pot_emd,5000,5000,2,success,results/2014-10-14/combined_n5000_seed2,combined,57.38613342726603,8.0,10000.0,True,0.0001,100000.0,512,250,none,cuda,-73.98023986816406,40.75517654418945,8.354935170151293,,,,,,,,,,,,1.0914161640685052,7.263519006082788,10926296,5668245.906530024,5668.245906530024,1133.6491813060047,1.1336491813060048
spef_unscaled,5000,5000,3,success,results/2014-10-14/combined_n5000_seed3,combined,75.19206755398773,8.0,10000.0,True,0.0001,100000.0,512,250,none,cuda,-73.98016357421875,40.755252838134766,61.77988840313628,1,28708,2499984.774857397,2499.984774857397,534.1847809524353,0.5341847809524353,4680.0,320.0,283.0,0.0,114.0,,,,,,,
spef_scaled,5000,5000,3,success,results/2014-10-14/combined_n5000_seed3,combined,75.19206755398773,8.0,10000.0,True,0.0001,100000.0,512,250,none,cuda,-73.98016357421875,40.755252838134766,4.63616902497597,5,2580,2550102.115096942,2550.1021150969423,545.9435056940574,0.5459435056940575,4671.0,329.0,283.0,0.0,121.0,,,,,,,
pot_emd,5000,5000,3,success,results/2014-10-14/combined_n5000_seed3,combined,75.19206755398773,8.0,10000.0,True,0.0001,100000.0,512,250,none,cuda,-73.98016357421875,40.755252838134766,8.776010125875473,,,,,,,,,,,,1.0981245569419116,7.6778855689335614,11030800,5335272.367828804,5335.272367828804,1067.0544735657609,1.0670544735657608
spef_unscaled,10000,10000,1,success,results/2014-10-14/combined_n10000_seed1,combined,148.33995916624554,8.0,10000.0,True,0.0001,100000.0,512,500,none,cuda,-73.98042297363281,40.75510787963867,95.01895588403568,1,20662,4117152.8277721554,4117.152827772155,440.8086539370616,0.4408086539370616,9340.0,660.0,550.0,0.0,229.0,,,,,,,
spef_scaled,10000,10000,1,success,results/2014-10-14/combined_n10000_seed1,combined,148.33995916624554,8.0,10000.0,True,0.0001,100000.0,512,500,none,cuda,-73.98042297363281,40.75510787963867,7.901189797092229,5,3770,4114828.1634888058,4114.828163488805,441.4578010394599,0.44145780103945986,9321.0,679.0,549.0,0.0,250.0,,,,,,,
pot_emd,10000,10000,1,success,results/2014-10-14/combined_n10000_seed1,combined,148.33995916624554,8.0,10000.0,True,0.0001,100000.0,512,500,none,cuda,-73.98042297363281,40.75510787963867,45.41981348511763,,,,,,,,,,,,4.646396602969617,40.77341688214801,43903375,10055519.278753703,10055.519278753703,1005.5519278753703,1.0055519278753704
spef_unscaled,10000,10000,2,success,results/2014-10-14/combined_n10000_seed2,combined,144.14671769086272,8.0,10000.0,True,0.0001,100000.0,512,500,none,cuda,-73.98023986816406,40.75504684448242,91.87761844787747,1,19223,4176092.443910128,4176.092443910128,448.4635356432698,0.4484635356432698,9312.0,688.0,564.0,0.0,248.0,,,,,,,
spef_scaled,10000,10000,2,success,results/2014-10-14/combined_n10000_seed2,combined,144.14671769086272,8.0,10000.0,True,0.0001,100000.0,512,500,none,cuda,-73.98023986816406,40.75504684448242,7.771444001002237,5,3684,4236045.634246586,4236.045634246586,455.7337960458941,0.45573379604589415,9295.0,705.0,564.0,0.0,267.0,,,,,,,
pot_emd,10000,10000,2,success,results/2014-10-14/combined_n10000_seed2,combined,144.14671769086272,8.0,10000.0,True,0.0001,100000.0,512,500,none,cuda,-73.98023986816406,40.75504684448242,44.49765524198301,,,,,,,,,,,,4.665146535029635,39.83250870695338,43781483,10605838.455924885,10605.838455924886,1060.5838455924886,1.0605838455924885
spef_unscaled,10000,10000,3,success,results/2014-10-14/combined_n10000_seed3,combined,164.04273383598775,8.0,10000.0,True,0.0001,100000.0,512,500,none,cuda,-73.98016357421875,40.755088806152344,110.23182040289976,1,24339,4055084.1576661565,4055.0841576661564,432.95794978284823,0.43295794978284824,9366.0,634.0,560.0,0.0,211.0,,,,,,,
spef_scaled,10000,10000,3,success,results/2014-10-14/combined_n10000_seed3,combined,164.04273383598775,8.0,10000.0,True,0.0001,100000.0,512,500,none,cuda,-73.98016357421875,40.755088806152344,8.896940293954685,5,4234,4118097.704130443,4118.097704130443,440.67391162444545,0.44067391162444547,9345.0,655.0,560.0,0.0,249.0,,,,,,,
pot_emd,10000,10000,3,success,results/2014-10-14/combined_n10000_seed3,combined,164.04273383598775,8.0,10000.0,True,0.0001,100000.0,512,500,none,cuda,-73.98016357421875,40.755088806152344,44.913973139133304,,,,,,,,,,,,4.674489569151774,40.23948356998153,44022656,9442662.2557477,9442.6622557477,944.26622557477,0.94426622557477
spef_unscaled,15000,15000,1,success,results/2014-10-14/combined_n15000_seed1,combined,271.1449932665564,8.0,10000.0,True,0.0001,100000.0,512,750,none,cuda,-73.98048400878906,40.75516128540039,134.56263529486023,1,19316,5824107.925671671,5824.10792567167,415.5624634799622,0.41556246347996223,14015.0,985.0,816.0,0.0,360.0,,,,,,,
spef_scaled,15000,15000,1,success,results/2014-10-14/combined_n15000_seed1,combined,271.1449932665564,8.0,10000.0,True,0.0001,100000.0,512,750,none,cuda,-73.98048400878906,40.75516128540039,11.589143517892808,5,4688,5842828.729192964,5842.828729192964,417.76267189996884,0.4177626718999688,13986.0,1014.0,816.0,0.0,403.0,,,,,,,
pot_emd,15000,15000,1,success,results/2014-10-14/combined_n15000_seed1,combined,271.1449932665564,8.0,10000.0,True,0.0001,100000.0,512,750,none,cuda,-73.98048400878906,40.75516128540039,124.99321445380338,,,,,,,,,,,,10.48492545587942,114.50828899792396,98663989,14491597.724774456,14491.597724774456,966.1065149849637,0.9661065149849637
spef_unscaled,15000,15000,2,success,results/2014-10-14/combined_n15000_seed2,combined,274.6684294489678,8.0,10000.0,True,0.0001,100000.0,512,750,none,cuda,-73.98021697998047,40.755184173583984,139.69465227681212,1,19798,5864262.758381964,5864.262758381964,419.14536190279205,0.41914536190279206,13991.0,1009.0,824.0,0.0,378.0,,,,,,,
spef_scaled,15000,15000,2,success,results/2014-10-14/combined_n15000_seed2,combined,274.6684294489678,8.0,10000.0,True,0.0001,100000.0,512,750,none,cuda,-73.98021697998047,40.755184173583984,11.997114364989102,5,4814,5893555.137119862,5893.555137119863,422.1139619767843,0.4221139619767843,13962.0,1038.0,823.0,0.0,430.0,,,,,,,
pot_emd,15000,15000,2,success,results/2014-10-14/combined_n15000_seed2,combined,274.6684294489678,8.0,10000.0,True,0.0001,100000.0,512,750,none,cuda,-73.98021697998047,40.755184173583984,122.97666280716658,,,,,,,,,,,,10.487153333146125,112.48950947402045,98564637,15297440.916660862,15297.440916660862,1019.8293944440575,1.0198293944440575
spef_unscaled,15000,15000,3,success,results/2014-10-14/combined_n15000_seed3,combined,291.1428814441897,8.0,10000.0,True,0.0001,100000.0,512,750,none,cuda,-73.9802474975586,40.755096435546875,152.78108128113672,1,22662,5663552.423450954,5663.552423450954,403.21461081097493,0.4032146108109749,14046.0,954.0,833.0,0.0,323.0,,,,,,,
spef_scaled,15000,15000,3,success,results/2014-10-14/combined_n15000_seed3,combined,291.1428814441897,8.0,10000.0,True,0.0001,100000.0,512,750,none,cuda,-73.9802474975586,40.755096435546875,12.790513166924939,5,5196,5711223.9071679,5711.2239071679005,407.30451484580664,0.40730451484580665,14022.0,978.0,832.0,0.0,367.0,,,,,,,
pot_emd,15000,15000,3,success,results/2014-10-14/combined_n15000_seed3,combined,291.1428814441897,8.0,10000.0,True,0.0001,100000.0,512,750,none,cuda,-73.9802474975586,40.755096435546875,125.57128699612804,,,,,,,,,,,,10.493541900999844,115.0777450951282,98968244,13827342.876024356,13827.342876024357,921.8228584016238,0.9218228584016238
spef_unscaled,20000,20000,1,success,results/2014-10-14/combined_n20000_seed1,combined,476.3380662300624,8.0,10000.0,True,0.0001,100000.0,512,1000,none,cuda,-73.98043060302734,40.755279541015625,199.3389767119661,1,18709,7449119.175109217,7449.119175109217,398.49778928525205,0.3984977892852521,18693.0,1307.0,1083.0,0.0,503.0,,,,,,,
spef_scaled,20000,20000,1,success,results/2014-10-14/combined_n20000_seed1,combined,476.3380662300624,8.0,10000.0,True,0.0001,100000.0,512,1000,none,cuda,-73.98043060302734,40.755279541015625,17.46605781209655,5,6081,7492153.331623304,7492.1533316233035,401.59483981685804,0.40159483981685806,18656.0,1344.0,1081.0,0.0,534.0,,,,,,,
pot_emd,20000,20000,1,success,results/2014-10-14/combined_n20000_seed1,combined,476.3380662300624,8.0,10000.0,True,0.0001,100000.0,512,1000,none,cuda,-73.98043060302734,40.755279541015625,259.53303170599975,,,,,,,,,,,,18.626755794044584,240.90627591195516,175463517,19092041.520335816,19092.041520335817,954.6020760167908,0.9546020760167908
spef_unscaled,20000,20000,2,success,results/2014-10-14/combined_n20000_seed2,combined,488.4562245020643,8.0,10000.0,True,0.0001,100000.0,512,1000,none,cuda,-73.98017120361328,40.755184173583984,205.6408402530942,1,19249,7451221.789586291,7451.2217895862905,398.90903097522835,0.39890903097522834,18679.0,1321.0,1085.0,0.0,472.0,,,,,,,
spef_scaled,20000,20000,2,success,results/2014-10-14/combined_n20000_seed2,combined,488.4562245020643,8.0,10000.0,True,0.0001,100000.0,512,1000,none,cuda,-73.98017120361328,40.755184173583984,17.88552443892695,5,6198,7459551.12938413,7459.55112938413,400.04028151360166,0.40004028151360166,18647.0,1353.0,1086.0,0.0,510.0,,,,,,,
pot_emd,20000,20000,2,success,results/2014-10-14/combined_n20000_seed2,combined,488.4562245020643,8.0,10000.0,True,0.0001,100000.0,512,1000,none,cuda,-73.98017120361328,40.755184173583984,264.9298598100431,,,,,,,,,,,,18.55633155303076,246.37352825701237,174942826,19631267.43189276,19631.26743189276,981.563371594638,0.981563371594638
spef_unscaled,20000,20000,3,success,results/2014-10-14/combined_n20000_seed3,combined,524.3086892110296,8.0,10000.0,True,0.0001,100000.0,512,1000,none,cuda,-73.98028564453125,40.7551155090332,222.03401252813637,1,21050,7292481.400593167,7292.481400593168,389.5972540118157,0.3895972540118158,18718.0,1282.0,1113.0,0.0,453.0,,,,,,,
spef_scaled,20000,20000,3,success,results/2014-10-14/combined_n20000_seed3,combined,524.3086892110296,8.0,10000.0,True,0.0001,100000.0,512,1000,none,cuda,-73.98028564453125,40.7551155090332,18.931209870846942,5,6556,7389061.488014389,7389.0614880143885,395.58121355609984,0.3955812135560998,18679.0,1321.0,1111.0,0.0,488.0,,,,,,,
pot_emd,20000,20000,3,success,results/2014-10-14/combined_n20000_seed3,combined,524.3086892110296,8.0,10000.0,True,0.0001,100000.0,512,1000,none,cuda,-73.98028564453125,40.7551155090332,283.34346681204624,,,,,,,,,,,,18.567337105982006,264.77612970606424,175604635,18484442.220819063,18484.442220819063,924.2221110409532,0.9242221110409531
